City_ID,City,Country,Lat,Lng,Max Temp,Humidity,Cloudiness,Wind Speed,Current Description,Date
0,Khorramabad,IR,33.4878,48.3558,90.43,10,0,14.23,clear sky,2021-06-06 14:31:29
1,Vaini,TO,-21.2,-175.2,71.76,83,20,6.91,few clouds,2021-06-06 14:31:29
2,Qaqortoq,GL,60.7167,-46.0333,57.7,80,100,4.83,overcast clouds,2021-06-06 14:31:29
3,Victoria,HK,22.2855,114.1577,84.38,84,12,1.99,few clouds,2021-06-06 14:38:20
4,Hilo,US,19.7297,-155.09,69.8,88,90,5.75,light rain,2021-06-06 14:35:38
5,Kirensk,RU,57.7853,108.1119,45.54,93,91,5.64,overcast clouds,2021-06-06 14:38:20
6,Hermanus,ZA,-34.4187,19.2345,68.49,45,9,5.3,clear sky,2021-06-06 14:38:20
7,Palmerston,AU,-12.486,130.9833,73.38,71,0,6.22,clear sky,2021-06-06 14:38:21
8,Kahului,US,20.8947,-156.47,74.84,82,75,12.66,broken clouds,2021-06-06 14:37:05
9,Christchurch,NZ,-43.5333,172.6333,48.99,96,75,1.99,mist,2021-06-06 14:38:21
10,Dunedin,NZ,-45.8742,170.5036,43.81,87,0,4.0,clear sky,2021-06-06 14:38:22
11,New Norfolk,AU,-42.7826,147.0587,50.92,82,100,1.01,overcast clouds,2021-06-06 14:38:22
12,Wasilla,US,61.5814,-149.4394,53.78,87,1,3.44,clear sky,2021-06-06 14:31:32
13,Kaitangata,NZ,-46.2817,169.8464,43.99,85,69,2.37,broken clouds,2021-06-06 14:31:32
14,Atuona,PF,-9.8,-139.0333,79.09,66,69,11.07,broken clouds,2021-06-06 14:31:33
15,Puerto Ayora,EC,-0.7393,-90.3518,76.96,87,27,4.0,scattered clouds,2021-06-06 14:31:33
16,Mar Del Plata,AR,-38.0023,-57.5575,52.12,63,0,11.01,clear sky,2021-06-06 14:29:11
17,Rikitea,PF,-23.1203,-134.9692,76.41,81,95,14.79,light rain,2021-06-06 14:31:34
18,Punta Arenas,CL,-53.15,-70.9167,33.91,86,0,9.78,clear sky,2021-06-06 14:31:26
19,Butaritari,KI,3.0707,172.7902,81.36,76,6,6.6,light rain,2021-06-06 14:31:34
20,Jamestown,US,42.097,-79.2353,81.01,62,1,5.01,clear sky,2021-06-06 14:30:03
21,Castro,BR,-24.7911,-50.0119,73.76,45,97,7.0,overcast clouds,2021-06-06 14:31:35
22,Viedma,AR,-40.8135,-62.9967,51.03,44,100,7.38,overcast clouds,2021-06-06 14:31:35
23,Hobart,AU,-42.8794,147.3294,52.27,84,75,1.01,broken clouds,2021-06-06 14:31:35
24,Bredasdorp,ZA,-34.5322,20.0403,64.98,45,12,6.24,few clouds,2021-06-06 14:31:36
25,Ushuaia,AR,-54.8,-68.3,38.86,75,75,8.05,broken clouds,2021-06-06 14:31:28
26,Atar,MR,20.5169,-13.0499,107.98,11,2,19.48,clear sky,2021-06-06 14:31:36
27,Mataura,NZ,-46.1927,168.8643,44.17,87,100,1.54,overcast clouds,2021-06-06 14:31:36
28,Fenelon Falls,CA,44.5334,-78.7496,81.63,67,100,9.93,overcast clouds,2021-06-06 14:31:37
29,Santa Fe,AR,-31.6333,-60.7,60.03,40,5,4.0,clear sky,2021-06-06 14:29:13
30,Ternovka,RU,51.678,41.6375,64.17,82,87,6.98,moderate rain,2021-06-06 14:31:37
31,Fortuna,US,40.5982,-124.1573,53.92,72,75,5.01,broken clouds,2021-06-06 14:31:37
32,Karratha,AU,-20.7377,116.8463,75.94,69,100,6.4,overcast clouds,2021-06-06 14:26:53
33,Tuatapere,NZ,-46.1333,167.6833,43.29,85,67,3.15,broken clouds,2021-06-06 14:31:38
34,Inuvik,CA,68.3499,-133.7218,33.84,77,75,8.05,broken clouds,2021-06-06 14:31:38
35,Luwuk,ID,-0.9516,122.7875,77.07,73,86,4.36,overcast clouds,2021-06-06 14:31:39
36,Saint-Philippe,RE,-21.3585,55.7679,74.79,81,70,12.91,light rain,2021-06-06 14:31:39
37,Saint-Pierre,RE,-21.3393,55.4781,74.88,80,75,11.5,broken clouds,2021-06-06 14:26:55
38,Kavaratti,IN,10.5669,72.642,82.62,75,100,9.78,overcast clouds,2021-06-06 14:31:39
39,Puri,IN,19.8,85.85,90.37,80,85,17.4,overcast clouds,2021-06-06 14:31:40
40,Torbay,CA,47.6666,-52.7314,59.68,92,75,18.41,light rain,2021-06-06 14:31:40
41,Airai,TL,-8.9266,125.4092,56.71,89,98,2.95,overcast clouds,2021-06-06 14:31:40
42,Bluff,NZ,-46.6,168.3333,46.74,84,70,3.6,broken clouds,2021-06-06 14:31:41
43,Nanortalik,GL,60.1432,-45.2371,45.32,68,100,12.5,overcast clouds,2021-06-06 14:31:41
44,Velizh,RU,55.6056,31.1967,70.2,60,16,5.77,few clouds,2021-06-06 14:31:41
45,Hit,IQ,33.6416,42.8251,97.75,12,0,16.96,clear sky,2021-06-06 14:31:42
46,Port Alfred,ZA,-33.5906,26.891,67.19,43,0,7.02,clear sky,2021-06-06 14:31:42
47,Cidreira,BR,-30.1811,-50.2056,63.63,83,100,7.81,overcast clouds,2021-06-06 14:31:42
48,Port Elizabeth,ZA,-33.918,25.5701,79.11,13,0,8.05,clear sky,2021-06-06 14:31:43
49,Sitka,US,57.0531,-135.33,48.09,87,75,0.0,broken clouds,2021-06-06 14:31:43
50,Kapaa,US,22.0752,-159.319,75.52,84,90,11.12,light rain,2021-06-06 14:26:51
51,Sinazongwe,ZM,-17.2614,27.4618,71.33,43,80,5.95,broken clouds,2021-06-06 14:31:43
52,Moerai,PF,-22.4333,-151.3333,74.84,74,80,17.67,broken clouds,2021-06-06 14:31:44
53,Sana,YE,15.3547,44.2067,79.66,15,51,14.52,broken clouds,2021-06-06 14:31:44
54,Molango,MX,20.7833,-98.7167,72.73,44,90,1.63,overcast clouds,2021-06-06 14:31:44
55,Rawson,AR,-43.3002,-65.1023,48.97,48,99,17.16,overcast clouds,2021-06-06 14:31:45
56,Dalvik,IS,65.9702,-18.5286,62.53,76,97,7.9,overcast clouds,2021-06-06 14:31:45
57,General Roca,AR,-39.0333,-67.5833,46.8,39,61,18.68,broken clouds,2021-06-06 14:31:45
58,Albany,US,42.6001,-73.9662,85.32,55,60,1.99,broken clouds,2021-06-06 14:31:46
59,Ribeira Grande,PT,38.5167,-28.7,68.4,83,40,13.8,scattered clouds,2021-06-06 14:31:46
60,Cherskiy,RU,68.75,161.3,59.22,50,19,10.98,few clouds,2021-06-06 14:31:46
61,Barrow,US,71.2906,-156.7887,30.22,93,90,12.66,mist,2021-06-06 14:31:47
62,Klaksvik,FO,62.2266,-6.589,49.12,90,100,18.34,overcast clouds,2021-06-06 14:31:47
63,Chokurdakh,RU,70.6333,147.9167,34.09,93,100,8.12,light rain,2021-06-06 14:31:47
64,Bambous Virieux,MU,-20.3428,57.7575,76.21,78,40,10.38,scattered clouds,2021-06-06 14:31:48
65,Bandarbeyla,SO,9.4942,50.8122,81.36,77,5,29.39,clear sky,2021-06-06 14:31:48
66,Shebunino,RU,46.4339,141.8603,50.79,99,97,2.68,overcast clouds,2021-06-06 14:31:48
67,Tasiilaq,GL,65.6145,-37.6368,41.16,92,96,2.53,overcast clouds,2021-06-06 14:31:49
68,Omboue,GA,-1.5746,9.2618,81.28,78,100,8.77,light rain,2021-06-06 14:31:49
69,Salalah,OM,17.0151,54.0924,87.89,79,40,12.66,scattered clouds,2021-06-06 14:31:49
70,Avarua,CK,-21.2078,-159.775,68.05,77,20,2.3,few clouds,2021-06-06 14:31:50
71,Necochea,AR,-38.5473,-58.7368,53.04,55,20,8.34,few clouds,2021-06-06 14:31:50
72,Longhua,CN,23.6137,114.1919,79.27,72,72,1.54,broken clouds,2021-06-06 14:31:50
73,Gambo,CF,4.6482,22.2633,73.18,86,100,3.96,overcast clouds,2021-06-06 14:31:51
74,Busselton,AU,-33.65,115.3333,53.1,76,24,8.97,few clouds,2021-06-06 14:31:51
75,Rovaniemi,FI,66.5,25.7167,69.21,26,0,8.05,clear sky,2021-06-06 14:31:51
76,Isangel,VU,-19.55,169.2667,72.01,68,100,12.66,overcast clouds,2021-06-06 14:31:52
77,Carnarvon,AU,-24.8667,113.6333,66.27,63,100,10.36,overcast clouds,2021-06-06 14:31:52
78,Pevek,RU,69.7008,170.3133,45.86,78,35,11.16,scattered clouds,2021-06-06 14:31:52
79,Tuktoyaktuk,CA,69.4541,-133.0374,32.0,74,90,6.91,overcast clouds,2021-06-06 14:31:53
80,Zhanaozen,KZ,43.3,52.8,76.66,46,84,13.02,broken clouds,2021-06-06 14:31:53
81,Nikolskoye,RU,59.7035,30.7861,76.89,36,10,6.46,clear sky,2021-06-06 14:31:53
82,Okato,NZ,-39.2,173.8833,54.43,91,100,11.97,moderate rain,2021-06-06 14:31:54
83,Medeiros Neto,BR,-17.3739,-40.2206,81.21,59,49,8.86,scattered clouds,2021-06-06 14:31:54
84,Ayan,RU,56.45,138.1667,40.35,91,93,7.14,overcast clouds,2021-06-06 14:31:54
85,Pisco,PE,-13.7,-76.2167,62.65,88,90,8.05,mist,2021-06-06 14:31:55
86,Lebu,CL,-37.6167,-73.65,49.12,74,100,2.84,overcast clouds,2021-06-06 14:31:55
87,Bolobo,CD,-2.1667,16.2333,84.27,57,58,4.54,broken clouds,2021-06-06 14:31:56
88,Baijiantan,CN,45.6333,85.1833,72.45,21,7,10.78,clear sky,2021-06-06 14:31:56
89,Humboldt,US,40.6665,-123.9178,45.12,80,87,4.76,overcast clouds,2021-06-06 14:31:56
90,Nantucket,US,41.2835,-70.0995,87.91,89,9,12.28,clear sky,2021-06-06 14:31:56
91,Evensk,RU,61.95,159.2333,47.43,80,96,6.98,overcast clouds,2021-06-06 14:31:57
92,Maniwaki,CA,46.3834,-75.966,75.74,68,58,4.81,broken clouds,2021-06-06 14:28:04
93,Port Hedland,AU,-20.3167,118.5667,71.65,68,99,5.75,overcast clouds,2021-06-06 14:31:57
94,Olinda,BR,-8.0089,-34.8553,78.53,69,75,12.91,broken clouds,2021-06-06 14:31:57
95,Hasaki,JP,35.7333,140.8333,68.29,90,100,7.67,overcast clouds,2021-06-06 14:31:58
96,Poum,NC,-20.2333,164.0167,72.5,60,91,19.84,overcast clouds,2021-06-06 14:31:58
97,Olavarria,AR,-36.8927,-60.3225,50.68,47,65,6.55,broken clouds,2021-06-06 14:31:58
98,Nizhniy Baskunchak,RU,48.2198,46.8311,75.56,41,61,6.22,broken clouds,2021-06-06 14:31:59
99,Jiuquan,CN,39.7432,98.5174,69.94,20,97,10.63,overcast clouds,2021-06-06 14:31:59
100,Qaanaaq,GL,77.484,-69.3632,39.42,82,83,4.52,broken clouds,2021-06-06 14:31:59
101,Narsaq,GL,60.9167,-46.05,57.42,68,100,5.14,overcast clouds,2021-06-06 14:32:00
102,Oranjemund,NA,-28.55,16.4333,73.49,31,0,9.1,clear sky,2021-06-06 14:32:00
103,Uray,RU,60.1247,64.7758,66.43,62,95,4.12,light rain,2021-06-06 14:31:50
104,Upernavik,GL,72.7868,-56.1549,36.63,82,13,3.78,few clouds,2021-06-06 14:32:01
105,Indiana,US,40.0003,-86.2503,80.92,68,40,9.22,scattered clouds,2021-06-06 14:32:01
106,Hithadhoo,MV,-0.6,73.0833,83.64,70,77,11.61,broken clouds,2021-06-06 14:32:01
107,Port Hardy,CA,50.6996,-127.4199,48.38,93,90,12.66,overcast clouds,2021-06-06 14:32:02
108,Saint-Ambroise,CA,48.5501,-71.3324,65.89,46,83,2.64,broken clouds,2021-06-06 14:32:02
109,Guiratinga,BR,-16.3494,-53.7583,83.61,41,100,6.82,overcast clouds,2021-06-06 14:32:02
110,Nipawin,CA,53.3668,-104.0009,57.24,88,1,8.05,clear sky,2021-06-06 14:30:14
111,Sudak,UA,44.85,34.9667,65.43,68,99,5.3,overcast clouds,2021-06-06 14:32:03
112,Yellowknife,CA,62.456,-114.3525,43.32,70,75,17.27,broken clouds,2021-06-06 14:30:14
113,Pinega,RU,64.7001,43.3936,58.32,32,67,12.55,broken clouds,2021-06-06 14:32:03
114,Medea,DZ,36.2642,2.7539,66.65,60,32,9.44,scattered clouds,2021-06-06 14:32:03
115,Cape Town,ZA,-33.9258,18.4232,81.1,23,0,4.0,clear sky,2021-06-06 14:28:53
116,Fukue,JP,32.6881,128.8419,69.1,79,100,7.34,overcast clouds,2021-06-06 14:32:04
117,Riyadh,SA,24.6877,46.7219,114.94,5,0,8.05,clear sky,2021-06-06 14:31:08
118,Solano,US,38.2333,-121.9511,66.29,71,1,20.71,clear sky,2021-06-06 14:32:04
119,Altay,CN,47.8667,88.1167,54.61,41,3,3.18,clear sky,2021-06-06 14:32:05
120,North Bend,US,43.4065,-124.2243,50.86,90,90,8.05,overcast clouds,2021-06-06 14:32:05
121,Preobrazheniye,RU,42.9019,133.9064,54.21,82,0,6.87,clear sky,2021-06-06 14:32:05
122,Yarmouth,US,41.7057,-70.2286,89.11,34,1,3.0,clear sky,2021-06-06 14:32:05
123,San Vicente,AR,-26.6167,-54.1333,60.75,99,100,1.68,moderate rain,2021-06-06 14:32:06
124,Awbari,LY,26.5921,12.7805,99.9,8,48,13.02,scattered clouds,2021-06-06 14:32:06
125,Guane,CU,22.2025,-84.0875,87.84,57,25,11.5,scattered clouds,2021-06-06 14:32:06
126,Berdigestyakh,RU,62.0989,126.6992,52.9,49,100,4.9,overcast clouds,2021-06-06 14:32:07
127,Asmara,ER,15.3333,38.9333,72.77,41,18,12.5,few clouds,2021-06-06 14:32:07
128,Kruisfontein,ZA,-34.0033,24.7314,76.89,21,0,7.47,clear sky,2021-06-06 14:32:07
129,Taixing,CN,32.1667,120.0136,81.0,51,0,8.68,light rain,2021-06-06 14:32:08
130,Constitucion,CL,-35.3333,-72.4167,53.04,53,90,4.5,overcast clouds,2021-06-06 14:32:08
131,Severo-Kurilsk,RU,50.6789,156.125,40.82,96,93,12.95,overcast clouds,2021-06-06 14:32:08
132,Salta,AR,-24.7859,-65.4117,57.79,79,75,1.99,broken clouds,2021-06-06 14:30:39
133,Lagoa,PT,39.05,-27.9833,64.26,88,100,14.34,overcast clouds,2021-06-06 14:32:09
134,Meulaboh,ID,4.1363,96.1285,77.81,82,100,2.59,light rain,2021-06-06 14:32:09
135,Virginia Beach,US,36.8529,-75.978,87.04,67,20,4.61,few clouds,2021-06-06 14:29:44
136,Griffith,US,41.5284,-87.4237,83.05,59,1,1.99,clear sky,2021-06-06 14:32:09
137,Port Lincoln,AU,-34.7333,135.8667,59.05,62,68,14.76,broken clouds,2021-06-06 14:32:10
138,Pimentel,PE,-6.8367,-79.9342,68.29,86,90,1.99,overcast clouds,2021-06-06 14:32:10
139,Codrington,AU,-38.2667,141.9667,55.06,75,100,15.88,overcast clouds,2021-06-06 14:32:10
140,Khatanga,RU,71.9667,102.5,34.92,83,100,4.83,overcast clouds,2021-06-06 14:32:11
141,Gamboma,CG,-1.8764,15.8644,85.59,56,45,3.89,scattered clouds,2021-06-06 14:32:11
142,Sur,OM,22.5667,59.5289,88.09,69,0,11.63,clear sky,2021-06-06 14:32:11
143,Khorol,UA,49.7837,33.2783,64.56,78,91,7.87,light rain,2021-06-06 14:32:12
144,Harper,LR,4.375,-7.7169,83.08,75,71,8.5,light rain,2021-06-06 14:32:12
145,Katangli,RU,51.7102,143.2326,38.82,92,100,14.83,overcast clouds,2021-06-06 14:32:12
146,Esperance,AU,-33.8667,121.9,57.04,72,43,24.99,scattered clouds,2021-06-06 14:32:13
147,Luderitz,NA,-26.6481,15.1594,71.73,38,0,2.75,clear sky,2021-06-06 14:32:13
148,Kochevo,RU,59.5994,54.3125,70.39,55,18,5.59,few clouds,2021-06-06 14:32:13
149,Maniitsoq,GL,65.4167,-52.9,40.55,90,100,7.38,overcast clouds,2021-06-06 14:32:14
150,Georgetown,MY,5.4112,100.3354,82.35,86,20,3.0,few clouds,2021-06-06 14:30:52
151,Ponta Do Sol,PT,32.6667,-17.1,73.71,66,0,2.66,clear sky,2021-06-06 14:32:14
152,Sangar,RU,63.9242,127.4739,50.81,42,99,4.09,overcast clouds,2021-06-06 14:32:14
153,Staraya Kulatka,RU,52.7167,47.6167,67.28,77,55,5.93,broken clouds,2021-06-06 14:32:14
154,Tiarei,PF,-17.5333,-149.3333,77.02,78,7,12.82,clear sky,2021-06-06 14:32:15
155,Samaipata,BO,-18.15,-63.8667,55.0,95,100,3.31,overcast clouds,2021-06-06 14:32:15
156,Inongo,CD,-1.95,18.2667,72.07,92,77,4.88,moderate rain,2021-06-06 14:32:15
157,Bilibino,RU,68.0546,166.4372,54.12,62,3,4.56,clear sky,2021-06-06 14:32:16
158,Yar-Sale,RU,66.8333,70.8333,42.96,49,97,16.53,overcast clouds,2021-06-06 14:32:16
159,Geraldton,AU,-28.7667,114.6,56.12,87,97,12.01,overcast clouds,2021-06-06 14:32:16
160,Redmond,US,47.674,-122.1215,52.25,81,100,1.01,overcast clouds,2021-06-06 14:32:17
161,San Lazaro,BZ,18.0387,-88.6622,87.66,59,100,9.6,overcast clouds,2021-06-06 14:32:17
162,Fria,GN,10.4167,-13.5833,94.41,46,96,2.44,overcast clouds,2021-06-06 14:32:17
163,Buinsk,RU,54.95,48.2833,73.29,72,26,5.68,scattered clouds,2021-06-06 14:32:18
164,Barbastro,ES,42.0356,0.1269,80.13,33,70,6.2,broken clouds,2021-06-06 14:32:18
165,Nurota,UZ,40.5614,65.6886,102.29,13,18,9.64,few clouds,2021-06-06 14:32:18
166,Havoysund,NO,70.9963,24.6622,49.08,65,4,3.51,clear sky,2021-06-06 14:32:19
167,Saskylakh,RU,71.9167,114.0833,37.98,64,96,7.4,overcast clouds,2021-06-06 14:32:19
168,East London,ZA,-33.0153,27.9116,68.94,56,0,9.22,clear sky,2021-06-06 14:32:19
169,Capinopolis,BR,-18.6819,-49.5697,84.27,36,99,6.76,overcast clouds,2021-06-06 14:32:20
170,Norman Wells,CA,65.282,-126.8329,42.84,93,90,10.36,light rain,2021-06-06 14:32:20
171,Margate,GB,51.3813,1.3862,70.86,81,35,7.58,scattered clouds,2021-06-06 14:32:20
172,Mumford,GH,5.2618,-0.759,83.21,70,93,12.44,overcast clouds,2021-06-06 14:32:20
173,Hwange,ZW,-18.3693,26.5019,69.87,33,73,6.44,broken clouds,2021-06-06 14:32:21
174,Samarai,PG,-10.6167,150.6667,77.72,90,100,17.87,heavy intensity rain,2021-06-06 14:32:21
175,Ajdabiya,LY,30.7554,20.2263,80.94,31,0,16.31,clear sky,2021-06-06 14:30:30
176,Vryburg,ZA,-26.9566,24.7284,60.44,23,0,12.01,clear sky,2021-06-06 14:32:22
177,Isiro,CD,2.7739,27.616,73.63,91,79,2.28,light rain,2021-06-06 14:32:22
178,Bud,US,39.447,-86.1758,78.13,83,98,5.1,overcast clouds,2021-06-06 14:32:22
179,Grand Gaube,MU,-20.0064,57.6608,76.37,81,62,1.99,broken clouds,2021-06-06 14:32:22
180,Port-Gentil,GA,-0.7193,8.7815,84.16,74,40,14.97,scattered clouds,2021-06-06 14:32:23
181,Sakakah,SA,29.9697,40.2064,101.77,9,2,16.28,clear sky,2021-06-06 14:32:23
182,Honiara,SB,-9.4333,159.95,77.36,89,13,5.12,few clouds,2021-06-06 14:32:23
183,Lorengau,PG,-2.0226,147.2712,79.52,86,98,14.94,overcast clouds,2021-06-06 14:32:24
184,Kodiak,US,57.79,-152.4072,51.31,54,1,14.97,clear sky,2021-06-06 14:32:24
185,Itarema,BR,-2.9248,-39.9167,87.87,56,13,10.11,few clouds,2021-06-06 14:32:25
186,Houma,US,29.5958,-90.7195,82.99,87,90,12.66,overcast clouds,2021-06-06 14:32:25
187,Mbandaka,CD,0.0487,18.2603,75.31,82,99,2.51,light rain,2021-06-06 14:32:25
188,San Quintin,MX,30.4833,-115.95,71.44,75,100,1.23,overcast clouds,2021-06-06 14:32:25
189,Hamilton,US,39.1834,-84.5333,80.73,72,75,1.01,broken clouds,2021-06-06 14:29:28
190,Canutama,BR,-6.5339,-64.3831,82.22,79,100,0.56,overcast clouds,2021-06-06 14:28:35
191,Iqaluit,CA,63.7506,-68.5145,31.73,100,90,8.01,light snow,2021-06-06 14:29:48
192,Tiksi,RU,71.6872,128.8694,42.76,67,83,7.96,broken clouds,2021-06-06 14:32:26
193,Albacete,ES,38.8333,-2.0,78.19,36,20,10.09,few clouds,2021-06-06 14:32:26
194,Gohad,IN,26.4261,78.4447,98.56,26,49,5.06,scattered clouds,2021-06-06 14:32:27
195,Planeta Rica,CO,8.4147,-75.5883,82.4,81,95,6.13,overcast clouds,2021-06-06 14:32:27
196,Komsomolskiy,UZ,40.4272,71.7189,95.72,17,29,6.91,scattered clouds,2021-06-06 14:32:27
197,Dingle,PH,10.9995,122.6711,77.54,84,100,1.63,light rain,2021-06-06 14:32:28
198,Thompson,CA,55.7435,-97.8558,53.76,94,75,2.3,broken clouds,2021-06-06 14:30:48
199,Puerto Leguizamo,CO,-0.1934,-74.7819,82.58,71,99,0.87,overcast clouds,2021-06-06 14:32:28
200,Yulara,AU,-25.2406,130.9889,49.84,50,0,4.61,clear sky,2021-06-06 14:32:28
201,Cabo San Lucas,MX,22.8909,-109.9124,88.81,52,54,7.23,broken clouds,2021-06-06 14:30:02
202,Cangzhou,CN,38.3167,116.8667,78.87,28,96,15.35,light rain,2021-06-06 14:32:29
203,Jieshi,CN,22.8134,115.8257,78.37,88,39,17.34,scattered clouds,2021-06-06 14:32:29
204,Jinka,ET,5.65,36.65,72.86,63,72,3.76,broken clouds,2021-06-06 14:32:29
205,Tigil,RU,57.8,158.6667,42.51,87,91,6.44,overcast clouds,2021-06-06 14:32:30
206,Naze,JP,28.3667,129.4833,68.27,92,100,6.62,moderate rain,2021-06-06 14:32:30
207,Pangnirtung,CA,66.1451,-65.7125,35.33,83,16,1.1,few clouds,2021-06-06 14:32:31
208,Eureka,US,40.8021,-124.1637,54.19,74,49,8.01,scattered clouds,2021-06-06 14:29:09
209,Praia Da Vitoria,PT,38.7333,-27.0667,71.85,68,40,3.36,scattered clouds,2021-06-06 14:32:31
210,Zhangjiakou,CN,40.81,114.8794,70.84,37,100,6.51,overcast clouds,2021-06-06 14:30:31
211,La Ronge,CA,55.1001,-105.2842,53.85,87,90,4.61,overcast clouds,2021-06-06 14:32:32
212,Talnakh,RU,69.4865,88.3972,32.13,98,100,4.36,light snow,2021-06-06 14:32:32
213,Dikson,RU,73.5069,80.5464,30.88,89,99,11.88,overcast clouds,2021-06-06 14:32:32
214,Vestmanna,FO,62.1564,-7.1664,47.32,100,90,14.41,mist,2021-06-06 14:32:32
215,Faanui,PF,-16.4833,-151.75,80.67,72,0,11.43,clear sky,2021-06-06 14:32:33
216,Gushikawa,JP,26.3544,127.8686,78.8,88,90,8.68,heavy intensity rain,2021-06-06 14:32:33
217,Padang,ID,-0.9492,100.3543,77.72,82,89,3.78,overcast clouds,2021-06-06 14:32:33
218,Cayenne,GF,4.9333,-52.3333,86.04,81,75,4.0,broken clouds,2021-06-06 14:30:06
219,Leningradskiy,RU,69.3833,178.4167,32.13,93,99,11.41,overcast clouds,2021-06-06 14:32:34
220,Poronaysk,RU,49.2167,143.1167,48.16,83,80,5.5,broken clouds,2021-06-06 14:32:34
221,Cairo,EG,30.0626,31.2497,88.56,34,0,18.57,clear sky,2021-06-06 14:30:41
222,Krasnoselkup,RU,65.7,82.4667,41.23,65,97,11.88,overcast clouds,2021-06-06 14:32:35
223,Yerky,UA,48.9906,30.9882,63.52,75,100,8.88,overcast clouds,2021-06-06 14:32:35
224,Ilhabela,BR,-23.7781,-45.3581,82.42,49,100,2.17,overcast clouds,2021-06-06 14:32:35
225,Soligalich,RU,59.0778,42.2864,76.06,45,12,2.84,few clouds,2021-06-06 14:32:36
226,Chuy,UY,-33.6971,-53.4616,57.4,68,100,6.26,overcast clouds,2021-06-06 14:32:36
227,Stornoway,GB,58.2093,-6.3865,58.96,63,75,18.41,broken clouds,2021-06-06 14:32:36
228,Louga,RU,58.7372,29.8453,71.55,51,88,6.22,overcast clouds,2021-06-06 14:31:19
229,Shelburne,CA,44.0787,-80.2041,80.56,45,100,14.43,overcast clouds,2021-06-06 14:30:15
230,Bethel,US,41.3712,-73.414,88.88,59,1,5.75,clear sky,2021-06-06 14:32:37
231,Sorland,NO,67.667,12.6934,69.87,67,0,13.8,clear sky,2021-06-06 14:32:37
232,Erzin,TR,36.9559,36.2,88.32,45,0,10.02,clear sky,2021-06-06 14:32:37
233,Murrhardt,DE,48.9819,9.5705,66.2,94,100,3.49,light rain,2021-06-06 14:32:38
234,Yenangyaung,MM,20.4667,94.8833,83.19,63,100,5.35,light rain,2021-06-06 14:32:38
235,Gien,FR,47.6933,2.6309,71.78,63,91,9.82,overcast clouds,2021-06-06 14:32:39
236,Gizo,SB,-8.103,156.8419,81.79,80,26,12.24,light rain,2021-06-06 14:32:39
237,Touros,BR,-5.1989,-35.4608,83.3,66,43,15.21,scattered clouds,2021-06-06 14:32:39
238,Vangaindrano,MG,-23.35,47.6,66.02,88,58,10.8,moderate rain,2021-06-06 14:32:40
239,Rocha,UY,-34.4833,-54.3333,57.09,66,2,8.5,clear sky,2021-06-06 14:32:40
240,Kovdor,RU,67.5662,30.4758,60.19,26,11,7.47,few clouds,2021-06-06 14:32:40
241,Mount Gambier,AU,-37.8333,140.7667,53.51,82,40,12.66,scattered clouds,2021-06-06 14:31:32
242,Guerrero Negro,MX,27.9769,-114.0611,63.99,76,100,5.26,overcast clouds,2021-06-06 14:32:41
243,San Rafael,AR,-34.6177,-68.3301,52.59,50,83,2.19,broken clouds,2021-06-06 14:32:41
244,Kieta,PG,-6.2167,155.6333,78.33,86,28,5.19,light rain,2021-06-06 14:32:41
245,Ahipara,NZ,-35.1667,173.1667,60.75,90,100,12.03,overcast clouds,2021-06-06 14:32:42
246,Haines Junction,CA,60.7522,-137.5108,44.55,93,78,2.3,broken clouds,2021-06-06 14:32:42
247,Kloulklubed,PW,7.0419,134.2556,79.3,79,99,8.41,overcast clouds,2021-06-06 14:32:42
248,Juneau,US,58.3019,-134.4197,49.21,95,90,2.1,light rain,2021-06-06 14:30:14
249,Salinas,US,36.6777,-121.6555,56.16,81,90,3.44,overcast clouds,2021-06-06 14:30:36
250,Ambulu,ID,-8.345,113.6058,76.68,90,75,0.67,broken clouds,2021-06-06 14:32:43
251,Namibe,AO,-15.1961,12.1522,84.83,61,0,14.97,clear sky,2021-06-06 14:29:26
252,Morondava,MG,-20.2833,44.2833,77.94,64,21,15.21,few clouds,2021-06-06 14:32:43
253,Koumac,NC,-20.5667,164.2833,69.19,64,100,12.26,overcast clouds,2021-06-06 14:32:44
254,Paamiut,GL,61.994,-49.6678,37.31,98,100,6.46,light rain,2021-06-06 14:32:44
255,Boende,CD,-0.2167,20.8667,72.91,95,100,4.25,overcast clouds,2021-06-06 14:32:44
256,Provideniya,RU,64.3833,-173.3,35.56,81,17,4.97,few clouds,2021-06-06 14:32:45
257,Jalu,LY,29.0331,21.5482,91.0,14,0,13.42,clear sky,2021-06-06 14:32:45
258,Cabral,DO,18.25,-71.2167,82.26,69,40,9.93,scattered clouds,2021-06-06 14:32:45
259,Jatiroto,ID,-7.8833,111.1167,74.71,93,69,3.04,broken clouds,2021-06-06 14:32:45
260,Bac Lieu,VN,9.285,105.7244,84.63,75,100,13.15,overcast clouds,2021-06-06 14:32:46
261,Kathu,TH,7.9178,98.3332,86.63,77,74,15.08,broken clouds,2021-06-06 14:32:46
262,Durban,ZA,-29.8579,31.0292,68.92,80,0,3.0,clear sky,2021-06-06 14:32:47
263,Ambilobe,MG,-13.2,49.05,74.71,84,75,1.81,moderate rain,2021-06-06 14:32:47
264,Ilulissat,GL,69.2167,-51.1,39.22,81,73,3.44,broken clouds,2021-06-06 14:32:47
265,Gondanglegi,ID,-7.7479,112.0132,75.85,93,76,7.74,broken clouds,2021-06-06 14:32:48
266,Ixtapa,MX,20.7,-105.2,80.22,83,75,0.0,broken clouds,2021-06-06 14:32:48
267,Ancud,CL,-41.8697,-73.8203,49.23,80,100,8.37,overcast clouds,2021-06-06 14:32:48
268,Berlevag,NO,70.8578,29.0864,42.6,71,7,9.71,clear sky,2021-06-06 14:32:49
269,Sinnamary,GF,5.3833,-52.95,79.92,84,76,7.4,broken clouds,2021-06-06 14:32:49
270,Sokolo,ML,14.7328,-6.1219,106.41,20,17,9.44,few clouds,2021-06-06 14:32:49
271,Novo Aripuana,BR,-5.1206,-60.3797,91.36,49,17,3.89,few clouds,2021-06-06 14:32:50
272,Masuguru,TZ,-11.3667,38.4167,74.79,53,53,3.74,broken clouds,2021-06-06 14:32:50
273,Ilula,TZ,-7.6766,36.0366,72.14,74,20,6.31,few clouds,2021-06-06 14:32:50
274,Petropavlovsk-Kamchatskiy,RU,53.0452,158.6483,41.59,100,90,2.48,light intensity drizzle,2021-06-06 14:30:09
275,Todos Santos,MX,23.45,-110.2167,89.91,53,64,4.97,broken clouds,2021-06-06 14:32:50
276,Talas,TR,38.6908,35.5538,68.67,30,40,8.05,scattered clouds,2021-06-06 14:32:51
277,Bayji,IQ,34.9311,43.487,97.11,11,0,18.39,clear sky,2021-06-06 14:32:51
278,Saint Anthony,US,45.0205,-93.218,81.91,55,1,7.0,clear sky,2021-06-06 14:32:51
279,Smithers,CA,54.7804,-127.1743,43.12,87,75,0.0,broken clouds,2021-06-06 14:30:14
280,Santiago Del Estero,AR,-27.7951,-64.2615,57.15,60,100,6.35,overcast clouds,2021-06-06 14:32:52
281,Padilla,CO,3.2204,-76.3139,72.97,74,95,3.4,overcast clouds,2021-06-06 14:32:52
282,Gazli,UZ,40.1333,63.45,103.06,11,1,13.76,clear sky,2021-06-06 14:32:52
283,Toamasina,MG,-18.1667,49.3833,73.4,88,75,16.11,light rain,2021-06-06 14:32:53
284,Zabol,AF,32.25,67.25,84.22,12,0,12.73,clear sky,2021-06-06 14:32:53
285,Buala,SB,-8.145,159.5921,79.93,83,2,7.09,light rain,2021-06-06 14:32:53
286,Tautira,PF,-17.7333,-149.15,77.02,75,9,12.91,clear sky,2021-06-06 14:32:54
287,Nizhniy Kuranakh,RU,58.8353,125.4869,63.82,59,44,6.44,scattered clouds,2021-06-06 14:32:54
288,Sao Filipe,CV,14.8961,-24.4956,77.16,65,52,8.12,broken clouds,2021-06-06 14:32:54
289,Koltsovo,RU,54.9376,83.1825,69.19,87,100,10.83,moderate rain,2021-06-06 14:32:55
290,Price,US,39.5994,-110.8107,74.46,23,1,0.0,clear sky,2021-06-06 14:32:55
291,Eyl,SO,7.9803,49.8164,86.04,62,0,20.27,clear sky,2021-06-06 14:32:55
292,Casablanca,MA,33.5928,-7.6192,84.42,73,40,13.0,scattered clouds,2021-06-06 14:28:15
293,Thinadhoo,MV,0.5333,72.9333,83.46,73,16,12.01,few clouds,2021-06-06 14:32:56
294,Diapaga,BF,12.0708,1.7889,102.4,25,77,5.01,broken clouds,2021-06-06 14:32:56
295,Arraial Do Cabo,BR,-22.9661,-42.0278,82.36,61,0,12.66,clear sky,2021-06-06 14:32:56
296,Hambantota,LK,6.1241,81.1185,82.74,89,0,16.17,clear sky,2021-06-06 14:32:56
297,Bondo,CD,3.8146,23.6866,75.07,79,97,2.51,overcast clouds,2021-06-06 14:32:57
298,Lompoc,US,34.6391,-120.4579,59.09,85,90,1.99,mist,2021-06-06 14:32:57
299,Sicamous,CA,50.8331,-118.9856,56.48,87,98,2.91,overcast clouds,2021-06-06 14:30:15
300,Camacari,BR,-12.6975,-38.3242,82.17,79,24,8.52,few clouds,2021-06-06 14:32:58
301,Takaungu,KE,-3.6837,39.8566,82.89,73,9,19.24,clear sky,2021-06-06 14:32:58
302,El Alto,PE,-4.2714,-81.2147,69.46,69,100,10.33,overcast clouds,2021-06-06 14:32:58
303,Kendari,ID,-3.945,122.4989,76.17,91,30,2.42,scattered clouds,2021-06-06 14:32:58
304,Hanko,FI,59.8333,22.95,76.33,73,80,7.23,broken clouds,2021-06-06 14:33:00
305,Flinders,AU,-34.5833,150.8552,54.05,80,5,1.01,clear sky,2021-06-06 14:33:00
306,Cabra,ES,37.4725,-4.4421,89.04,25,0,7.09,clear sky,2021-06-06 14:33:01
307,Basco,PH,20.4487,121.9702,82.54,74,100,4.94,overcast clouds,2021-06-06 14:33:02
308,Lodja,CD,-3.4833,23.4333,81.9,59,100,3.94,overcast clouds,2021-06-06 14:33:03
309,Dudinka,RU,69.4058,86.1778,33.06,90,98,4.85,overcast clouds,2021-06-06 14:32:15
310,Linqiong,CN,30.4159,103.4609,80.42,60,100,1.99,light rain,2021-06-06 14:33:06
311,Comodoro Rivadavia,AR,-45.8667,-67.5,48.06,49,0,17.27,clear sky,2021-06-06 14:33:08
312,Xingyi,CN,24.1877,102.817,63.03,94,65,2.89,light rain,2021-06-06 14:33:09
313,Waspan,NI,14.7419,-83.9717,83.88,59,68,6.76,broken clouds,2021-06-06 14:33:13
314,Sao Sebastiao,BR,-23.76,-45.4097,83.93,45,100,1.9,overcast clouds,2021-06-06 14:33:13
315,Balkanabat,TM,39.5108,54.3671,82.83,40,3,14.81,clear sky,2021-06-06 14:33:13
316,Huarmey,PE,-10.0681,-78.1522,68.49,73,72,8.55,broken clouds,2021-06-06 14:33:14
317,Oktyabrskiy,RU,54.4815,53.471,67.82,61,19,3.65,few clouds,2021-06-06 14:33:14
318,Namatanai,PG,-3.6667,152.4333,79.52,84,100,6.13,overcast clouds,2021-06-06 14:33:14
319,Kirovskiy,RU,45.0917,133.5136,52.18,94,26,2.71,scattered clouds,2021-06-06 14:33:14
320,Adeje,ES,28.1227,-16.726,75.87,52,20,7.0,few clouds,2021-06-06 14:33:15
321,Barra Do Garcas,BR,-15.89,-52.2567,79.38,57,0,5.17,clear sky,2021-06-06 14:30:33
322,Toora-Khem,RU,52.4675,96.11,41.02,86,100,5.55,overcast clouds,2021-06-06 14:33:15
323,Ostrovnoy,RU,68.0531,39.5131,43.88,62,34,14.38,scattered clouds,2021-06-06 14:33:15
324,Makakilo City,US,21.3469,-158.0858,72.68,80,40,5.75,scattered clouds,2021-06-06 14:33:16
325,Sobolevo,RU,54.4299,31.8996,67.08,73,61,7.63,broken clouds,2021-06-06 14:33:16
326,Luganville,VU,-15.5333,167.1667,75.85,83,86,4.27,overcast clouds,2021-06-06 14:33:16
327,West Bay,KY,19.3667,-81.4167,88.07,74,20,7.0,few clouds,2021-06-06 14:33:17
328,Honningsvag,NO,70.9821,25.9704,40.03,72,6,4.56,clear sky,2021-06-06 14:33:17
329,Nador,MA,35.174,-2.9287,82.47,73,20,9.6,few clouds,2021-06-06 14:33:17
330,Atherton,GB,53.5237,-2.4935,70.36,54,86,3.0,overcast clouds,2021-06-06 14:33:18
331,Maragogi,BR,-9.0122,-35.2225,80.96,73,29,9.31,scattered clouds,2021-06-06 14:33:18
332,Kirakira,SB,-10.4544,161.9205,79.3,85,34,8.81,scattered clouds,2021-06-06 14:33:18
333,Belyy Yar,RU,53.6039,91.3903,51.69,76,0,13.0,clear sky,2021-06-06 14:33:18
334,Baza,ES,37.4907,-2.7726,80.58,26,0,3.51,clear sky,2021-06-06 14:33:19
335,Emerald,AU,-23.5333,148.1667,51.94,50,0,10.36,clear sky,2021-06-06 14:33:19
336,Maryville,US,35.7565,-83.9705,76.3,91,90,0.0,overcast clouds,2021-06-06 14:33:20
337,Orlik,RU,52.5178,99.825,41.49,64,72,5.17,broken clouds,2021-06-06 14:29:28
338,Saldanha,ZA,-33.0117,17.9442,70.66,39,40,14.76,scattered clouds,2021-06-06 14:33:20
339,Boyolangu,ID,-8.1181,111.8935,76.12,93,60,2.62,broken clouds,2021-06-06 14:33:20
340,Muncie,US,40.1934,-85.3864,80.26,71,97,1.99,overcast clouds,2021-06-06 14:28:57
341,Ezhou,CN,30.4,114.8333,74.44,71,73,9.51,broken clouds,2021-06-06 14:33:21
342,Adrar,MR,20.5022,-10.0711,109.92,8,2,22.03,clear sky,2021-06-06 14:33:21
343,Lazi,UA,48.0667,24.2333,64.8,74,62,2.55,broken clouds,2021-06-06 14:33:21
344,Fonte Boa,BR,-2.4959,-66.2662,86.23,62,92,4.23,overcast clouds,2021-06-06 14:33:22
345,Bertoua,CM,4.5833,13.6833,83.08,61,57,2.75,light rain,2021-06-06 14:29:17
346,Drumnadrochit,GB,57.3344,-4.4799,64.78,48,60,3.56,broken clouds,2021-06-06 14:33:22
347,San Julian,MX,21.0167,-102.1667,68.56,51,80,0.98,broken clouds,2021-06-06 14:33:22
348,Vila Velha,BR,-20.3297,-40.2925,82.96,68,40,8.01,scattered clouds,2021-06-06 14:33:22
349,Nizhniy Chir,RU,48.3597,43.0865,69.91,66,82,9.55,broken clouds,2021-06-06 14:33:23
350,Ossora,RU,59.2353,163.0719,39.06,95,100,5.14,overcast clouds,2021-06-06 14:33:23
351,Plouzane,FR,48.3833,-4.6167,64.49,80,90,8.5,overcast clouds,2021-06-06 14:33:23
352,Grindavik,IS,63.8424,-22.4338,51.75,87,75,13.91,light rain,2021-06-06 14:33:24
353,Chau Doc,VN,10.7,105.1167,82.53,77,99,11.41,overcast clouds,2021-06-06 14:33:24
354,Chiapilla,MX,16.5167,-92.7333,69.6,73,90,2.53,overcast clouds,2021-06-06 14:33:24
355,Hualmay,PE,-11.0964,-77.6139,67.06,72,85,9.51,overcast clouds,2021-06-06 14:33:25
356,Houston,US,29.7633,-95.3633,83.97,86,90,1.01,overcast clouds,2021-06-06 14:30:44
357,Sao Joao Da Barra,BR,-21.6403,-41.0511,82.49,72,4,12.1,clear sky,2021-06-06 14:33:25
358,Padre Bernardo,BR,-15.35,-48.5,83.48,34,99,7.11,overcast clouds,2021-06-06 14:33:26
359,Salekhard,RU,66.53,66.6019,44.55,41,92,15.03,overcast clouds,2021-06-06 14:33:26
360,Tarsus,TR,36.9188,34.8784,89.98,39,0,13.04,clear sky,2021-06-06 14:33:26
361,Saint-Augustin,CA,51.226,-58.6502,56.32,41,5,12.66,clear sky,2021-06-06 14:33:27
362,Qasigiannguit,GL,68.8193,-51.1922,39.45,82,78,5.39,broken clouds,2021-06-06 14:33:27
363,Roros,NO,62.5747,11.3842,66.04,45,75,9.22,broken clouds,2021-06-06 14:33:27
364,Mehamn,NO,71.0357,27.8492,41.5,68,7,9.13,clear sky,2021-06-06 14:33:28
365,San Patricio,US,28.017,-97.5169,83.91,74,2,10.51,clear sky,2021-06-06 14:33:28
366,Fairbanks,US,64.8378,-147.7164,53.92,70,75,5.75,broken clouds,2021-06-06 14:28:55
367,Beringovskiy,RU,63.05,179.3167,35.73,97,100,1.68,light rain,2021-06-06 14:33:28
368,Guilin,CN,25.2819,110.2864,75.31,80,0,2.51,clear sky,2021-06-06 14:31:28
369,Turukhansk,RU,65.8167,87.9833,37.29,81,82,3.02,broken clouds,2021-06-06 14:33:29
370,Kozhevnikovo,RU,56.2589,83.9714,59.25,91,100,12.01,light rain,2021-06-06 14:33:29
371,Souillac,MU,-20.5167,57.5167,76.35,78,40,8.7,light rain,2021-06-06 14:33:29
372,Libreville,GA,0.3925,9.4537,84.22,79,20,9.22,light rain,2021-06-06 14:33:30
373,Bonavista,CA,48.6499,-53.1147,60.8,90,100,18.92,light rain,2021-06-06 14:33:30
374,Phan Thiet,VN,10.9333,108.1,81.99,78,100,9.19,overcast clouds,2021-06-06 14:29:54
375,Talara,PE,-4.5772,-81.2719,72.36,73,20,12.66,few clouds,2021-06-06 14:33:31
376,Tikamgarh,IN,24.745,78.8333,95.34,33,57,6.2,broken clouds,2021-06-06 14:33:31
377,Tamandare,BR,-8.7597,-35.1047,81.5,69,18,9.57,few clouds,2021-06-06 14:33:31
378,Ginir,ET,7.1333,40.7,63.1,77,74,9.55,light rain,2021-06-06 14:33:32
379,Katsuura,JP,35.1333,140.3,71.11,90,100,5.23,overcast clouds,2021-06-06 14:33:32
380,Pandan,PH,14.0453,124.1694,80.62,83,100,4.54,overcast clouds,2021-06-06 14:33:32
381,Muscat,OM,23.6139,58.5922,89.62,74,0,12.33,clear sky,2021-06-06 14:30:57
382,Gunnedah,AU,-30.9833,150.25,38.73,82,0,3.0,clear sky,2021-06-06 14:33:33
383,Lasa,IT,46.6166,10.7002,69.71,81,98,4.38,overcast clouds,2021-06-06 14:33:33
384,Bani,DO,18.2833,-70.3333,84.74,53,24,15.57,few clouds,2021-06-06 14:33:34
385,Methven,NZ,-43.6333,171.65,44.46,100,100,1.81,light rain,2021-06-06 14:33:34
386,Lebork,PL,54.5392,17.7501,71.15,42,95,8.16,overcast clouds,2021-06-06 14:33:34
387,Nuzvid,IN,16.7833,80.85,83.25,51,27,11.23,scattered clouds,2021-06-06 14:33:34
388,Afua,BR,-0.1567,-50.3867,87.24,61,23,3.09,few clouds,2021-06-06 14:33:35
389,Ola,RU,59.5833,151.2833,41.99,88,76,3.74,broken clouds,2021-06-06 14:33:10
390,Timmins,CA,48.4669,-81.3331,66.02,88,75,6.2,broken clouds,2021-06-06 14:30:15
391,Taranto,IT,40.6167,17.25,81.48,46,95,5.66,overcast clouds,2021-06-06 14:33:35
392,Gushi,CN,34.6425,109.5843,86.95,36,100,5.17,light rain,2021-06-06 14:33:36
393,Elena,BG,42.9333,25.8833,81.84,53,30,7.25,scattered clouds,2021-06-06 14:33:36
394,San Rafael Del Sur,NI,11.8485,-86.4384,85.17,55,100,11.32,overcast clouds,2021-06-06 14:33:36
395,Khani,GE,41.9563,42.9566,53.17,99,100,3.27,overcast clouds,2021-06-06 14:33:37
396,Kavieng,PG,-2.5744,150.7967,82.18,72,88,1.86,overcast clouds,2021-06-06 14:33:37
397,Mayumba,GA,-3.432,10.6554,78.98,83,62,12.12,broken clouds,2021-06-06 14:33:37
398,Balsas,BR,-7.5325,-46.0356,88.39,39,46,9.8,scattered clouds,2021-06-06 14:29:43
399,Bimbo,CF,4.2567,18.4158,76.93,88,75,5.53,broken clouds,2021-06-06 14:33:38
400,Udachnyy,RU,66.4167,112.4,47.75,56,99,13.87,overcast clouds,2021-06-06 14:33:38
401,Varhaug,NO,58.6147,5.6457,66.85,83,81,13.85,broken clouds,2021-06-06 14:33:38
402,Mezhdurechensk,RU,53.6942,88.0603,50.86,98,100,4.38,overcast clouds,2021-06-06 14:33:39
403,Puerto Del Rosario,ES,28.5004,-13.8627,76.68,68,20,19.57,few clouds,2021-06-06 14:33:39
404,San Cristobal,VE,7.7669,-72.225,68.18,98,100,3.4,overcast clouds,2021-06-06 14:33:39
405,Kilifi,KE,-3.6305,39.8499,82.78,72,10,18.75,clear sky,2021-06-06 14:33:40
406,Trairi,BR,-3.2778,-39.2689,87.28,54,39,10.92,scattered clouds,2021-06-06 14:31:42
407,Neubrandenburg,DE,53.5667,13.2667,69.85,51,86,9.93,overcast clouds,2021-06-06 14:33:40
408,Nuevo Ideal,MX,24.8875,-105.0728,70.36,36,0,3.71,clear sky,2021-06-06 14:33:40
409,Olafsvik,IS,64.8945,-23.7142,46.83,92,100,8.97,overcast clouds,2021-06-06 14:33:41
410,Manzanillo,CU,20.3433,-77.1167,83.44,70,11,5.68,few clouds,2021-06-06 14:33:41
411,Beloha,MG,-25.1667,45.05,64.26,65,77,15.08,broken clouds,2021-06-06 14:33:41
412,Laguna,US,38.421,-121.4238,72.97,68,1,3.0,clear sky,2021-06-06 14:31:23
413,Saint George,US,37.1041,-113.5841,86.34,21,1,1.01,clear sky,2021-06-06 14:30:14
414,Salym,RU,60.0625,71.4789,55.63,83,94,6.53,overcast clouds,2021-06-06 14:33:42
415,Waverly,US,42.7392,-84.6208,83.55,52,1,14.97,clear sky,2021-06-06 14:33:42
416,Mahebourg,MU,-20.4081,57.7,76.24,78,40,6.91,scattered clouds,2021-06-06 14:33:42
417,Bundaberg,AU,-24.85,152.35,57.22,89,2,1.99,clear sky,2021-06-06 14:30:22
418,Indiaroba,BR,-11.5192,-37.5117,80.06,78,64,7.02,broken clouds,2021-06-06 14:33:43
419,Waingapu,ID,-9.6567,120.2641,77.45,84,100,8.25,overcast clouds,2021-06-06 14:33:43
420,Bathsheba,BB,13.2167,-59.5167,84.81,58,40,17.22,scattered clouds,2021-06-06 14:33:43
421,Tonantins,BR,-2.8731,-67.8022,85.87,65,94,3.83,light rain,2021-06-06 14:33:44
422,Kutum,SD,14.2,24.6667,93.4,11,9,10.22,clear sky,2021-06-06 14:33:44
423,Prince Rupert,CA,54.3161,-130.3201,47.89,90,90,5.75,light rain,2021-06-06 14:33:17
424,Tall Kayf,TR,37.0833,41.0667,92.59,9,0,16.44,clear sky,2021-06-06 14:33:45
425,Ponta Delgada,PT,37.7333,-25.6667,68.72,77,20,13.8,few clouds,2021-06-06 14:33:45
426,Qianguo,CN,45.1171,124.8568,60.13,62,15,2.77,few clouds,2021-06-06 14:33:45
427,Takoradi,GH,4.8845,-1.7554,83.88,69,68,9.66,light rain,2021-06-06 14:33:46
428,Cockburn Town,TC,21.4612,-71.1419,80.04,79,0,21.32,clear sky,2021-06-06 14:33:46
429,Prochnookopskaya,RU,45.0666,41.1175,73.35,89,74,7.43,light rain,2021-06-06 14:33:46
430,Contai,IN,21.7786,87.7536,87.49,76,77,15.26,broken clouds,2021-06-06 14:33:47
431,Abu Zabad,SD,12.35,29.25,81.64,52,98,22.68,light rain,2021-06-06 14:33:47
432,Aksarka,RU,66.5606,67.7975,44.49,42,90,13.44,overcast clouds,2021-06-06 14:33:47
433,Miles City,US,46.4083,-105.8406,59.5,62,90,9.22,overcast clouds,2021-06-06 14:33:47
434,Marshalltown,US,42.0494,-92.908,80.47,64,1,11.5,clear sky,2021-06-06 14:31:15
435,Cafarnaum,BR,-11.6936,-41.4683,78.75,49,93,11.88,overcast clouds,2021-06-06 14:33:48
436,Mahon,ES,39.8885,4.2658,75.76,46,0,17.27,clear sky,2021-06-06 14:33:48
437,Te Anau,NZ,-45.4167,167.7167,36.84,92,22,1.25,few clouds,2021-06-06 14:33:49
438,Yerbogachen,RU,61.2767,108.0108,43.14,50,25,10.63,scattered clouds,2021-06-06 14:33:49
439,Inyonga,TZ,-6.7167,32.0667,73.72,51,100,3.04,overcast clouds,2021-06-06 14:33:49
440,Kropotkin,RU,45.4375,40.5756,64.29,82,69,8.14,moderate rain,2021-06-06 14:33:50
441,Asau,RO,46.4333,26.4,70.72,53,13,2.53,few clouds,2021-06-06 14:33:50
442,Sola,VU,-13.8833,167.55,79.39,77,37,13.02,scattered clouds,2021-06-06 14:33:50
443,Chake Chake,TZ,-5.2459,39.7666,76.5,72,13,15.9,few clouds,2021-06-06 14:33:51
444,Avera,US,33.194,-82.5271,81.93,54,81,3.96,broken clouds,2021-06-06 14:33:51
445,Banyo,CM,6.75,11.8167,79.74,62,73,5.3,light rain,2021-06-06 14:33:51
446,Pacific Grove,US,36.6177,-121.9166,56.01,86,55,1.99,broken clouds,2021-06-06 14:33:52
447,Sulangan,PH,11.1373,123.7228,82.94,74,100,5.93,overcast clouds,2021-06-06 14:33:52
448,Fort Nelson,CA,58.8053,-122.7002,47.79,100,90,5.75,moderate rain,2021-06-06 14:33:52
449,Sisimiut,GL,66.9395,-53.6735,40.23,95,100,4.18,light rain,2021-06-06 14:33:52
450,Sambava,MG,-14.2667,50.1667,76.23,80,35,15.7,scattered clouds,2021-06-06 14:33:53
451,Jaffna,LK,9.6685,80.0074,83.93,79,100,19.15,overcast clouds,2021-06-06 14:33:53
452,Kaduqli,SD,11.0167,29.7167,84.25,56,91,13.24,light rain,2021-06-06 14:33:53
453,Tessalit,ML,20.1986,1.0114,111.31,6,15,14.88,few clouds,2021-06-06 14:33:54
454,Santa Rosa,PH,14.3122,121.1114,85.1,80,100,5.55,overcast clouds,2021-06-06 14:32:44
455,Montepuez,MZ,-13.1256,38.9997,70.03,53,28,6.11,scattered clouds,2021-06-06 14:33:54
456,Bengkulu,ID,-3.8004,102.2655,75.29,90,16,4.38,few clouds,2021-06-06 14:33:54
457,Makinsk,KZ,52.6292,70.4169,62.22,41,2,3.91,clear sky,2021-06-06 14:33:55
458,Vestmannaeyjar,IS,63.4427,-20.2734,47.39,100,90,20.71,mist,2021-06-06 14:33:55
459,Moanda,GA,-1.5575,13.2178,82.63,64,96,0.38,light rain,2021-06-06 14:33:55
460,Natal,BR,-5.795,-35.2094,83.05,69,75,11.95,broken clouds,2021-06-06 14:33:56
461,Yeppoon,AU,-23.1333,150.7333,51.58,83,32,7.38,scattered clouds,2021-06-06 14:33:56
462,Boueni,YT,-12.9025,45.0761,80.58,71,58,16.71,broken clouds,2021-06-06 14:33:56
463,Mandurah,AU,-32.55,115.7,54.16,70,48,9.91,scattered clouds,2021-06-06 14:33:57
464,Dolores,AR,-36.3132,-57.6792,53.67,49,36,6.46,scattered clouds,2021-06-06 14:33:57
465,Aksu,CN,41.1231,80.2644,83.8,15,100,10.69,overcast clouds,2021-06-06 14:33:57
466,Clinton,US,42.587,-82.9199,85.95,55,20,1.01,few clouds,2021-06-06 14:33:57
467,Vanimo,PG,-2.6741,141.3028,77.92,88,100,2.19,overcast clouds,2021-06-06 14:33:58
468,North Platte,US,41.1239,-100.7654,72.99,70,1,8.99,clear sky,2021-06-06 14:29:36
469,Bar-Le-Duc,FR,48.75,5.1667,71.1,87,97,6.35,overcast clouds,2021-06-06 14:33:58
470,Rijeka,HR,45.3431,14.4092,77.0,73,20,1.3,few clouds,2021-06-06 14:33:59
471,Gimli,CA,50.6336,-96.9907,72.05,88,77,16.11,broken clouds,2021-06-06 14:33:59
472,Vao,NC,-22.6667,167.4833,71.26,60,79,17.74,broken clouds,2021-06-06 14:33:59
473,Nouakchott,MR,18.0858,-15.9785,93.13,39,7,14.97,clear sky,2021-06-06 14:34:00
474,Caravelas,BR,-17.7125,-39.2481,80.96,59,27,8.25,scattered clouds,2021-06-06 14:34:00
475,Aklavik,CA,68.2191,-135.0107,33.8,80,40,5.75,scattered clouds,2021-06-06 14:34:00
476,Boa Vista,BR,2.8197,-60.6733,84.18,65,40,9.22,scattered clouds,2021-06-06 14:34:00
477,Nogliki,RU,51.8333,143.1667,38.35,93,100,15.79,overcast clouds,2021-06-06 14:34:01
478,Fethiye,TR,36.6217,29.1164,76.87,35,0,4.76,clear sky,2021-06-06 14:34:01
479,Van,TR,38.4924,43.3831,70.95,37,20,5.75,few clouds,2021-06-06 14:34:01
480,Verkhoyansk,RU,67.5447,133.385,47.75,51,63,4.5,broken clouds,2021-06-06 14:34:02
481,Warrington,GB,53.3925,-2.5802,70.92,57,75,3.0,broken clouds,2021-06-06 14:33:06
482,Vasterhaninge,SE,59.1167,18.1,76.78,45,98,5.99,overcast clouds,2021-06-06 14:34:02
483,Goderich,CA,43.7501,-81.7165,82.04,56,77,12.66,broken clouds,2021-06-06 14:31:23
484,Portland,US,45.5234,-122.6762,51.91,84,90,1.99,overcast clouds,2021-06-06 14:30:51
485,Kedrovyy,RU,56.1667,91.8167,55.81,85,63,9.84,broken clouds,2021-06-06 14:29:12
486,Kawalu,ID,-7.3817,108.2082,73.74,96,91,1.45,overcast clouds,2021-06-06 14:34:03
487,Ucluelet,CA,48.9329,-125.5528,50.95,90,100,9.01,overcast clouds,2021-06-06 14:29:53
488,Sivas,TR,39.7916,37.0019,59.63,41,75,13.8,broken clouds,2021-06-06 14:34:03
489,Moses Lake,US,47.1301,-119.2781,52.48,54,1,4.61,clear sky,2021-06-06 14:34:04
490,Villazon,BO,-22.0866,-65.5942,49.59,18,21,7.11,few clouds,2021-06-06 14:34:04
491,Shingu,JP,33.7333,135.9833,68.5,84,100,0.34,overcast clouds,2021-06-06 14:34:04
492,Saint-Francois,FR,46.4154,3.9054,68.18,82,90,9.22,overcast clouds,2021-06-06 14:34:05
493,Waddan,LY,29.1614,16.139,94.08,13,0,10.02,clear sky,2021-06-06 14:34:05
494,Douglas,US,41.3,-96.167,78.03,73,1,8.99,clear sky,2021-06-06 14:34:05
495,Trakai,LT,54.6333,24.9333,75.54,60,91,10.25,overcast clouds,2021-06-06 14:34:06
496,Hofn,IS,64.2539,-15.2082,50.02,87,90,12.66,mist,2021-06-06 14:34:06
497,Tharad,IN,24.3961,71.6267,87.42,56,0,15.64,clear sky,2021-06-06 14:34:06
498,Varanasi,IN,25.3333,83.0,93.29,55,8,1.25,haze,2021-06-06 14:34:06
499,Sabang,ID,5.8933,95.3214,83.61,74,100,23.22,light rain,2021-06-06 14:34:07
500,Progreso,MX,21.2833,-89.6667,85.1,64,26,10.27,scattered clouds,2021-06-06 14:34:07
501,Canton,CN,23.1167,113.25,84.15,61,66,7.7,broken clouds,2021-06-06 14:30:49
502,Kalino,RU,58.2504,57.6085,68.43,53,44,5.88,scattered clouds,2021-06-06 14:34:07
503,Oussouye,SN,12.485,-16.5469,93.38,51,50,12.97,scattered clouds,2021-06-06 14:34:08
504,Fatehabad,IN,29.5167,75.45,100.27,20,6,1.1,clear sky,2021-06-06 14:34:08
505,Kotka,FI,60.4664,26.9458,69.33,91,70,8.99,light rain,2021-06-06 14:34:08
506,Sept-Iles,CA,50.2001,-66.3821,59.52,44,75,10.36,broken clouds,2021-06-06 14:34:09
507,Voh,NC,-20.9667,164.7,65.64,70,92,5.23,overcast clouds,2021-06-06 14:34:09
508,Taoudenni,ML,22.6783,-3.9836,117.34,5,60,12.66,broken clouds,2021-06-06 14:34:09
509,Paralimni,CY,35.0375,33.9833,88.29,64,0,5.01,clear sky,2021-06-06 14:34:10
510,Sao Pedro Do Piaui,BR,-5.9294,-42.7186,89.67,38,10,5.86,clear sky,2021-06-06 14:34:10
511,Nishiwaki,JP,34.9833,134.9667,72.99,70,100,2.28,overcast clouds,2021-06-06 14:34:10
512,Salacgriva,LV,57.7536,24.3581,63.39,53,1,9.73,clear sky,2021-06-06 14:34:11
513,Acajutla,SV,13.5928,-89.8275,85.8,73,95,4.9,overcast clouds,2021-06-06 14:34:11
514,Venado Tuerto,AR,-33.7456,-61.9688,56.79,36,100,10.04,overcast clouds,2021-06-06 14:34:11
515,Kuytun,RU,54.3419,101.5036,44.92,89,70,7.25,broken clouds,2021-06-06 14:34:12
516,Tabou,CI,4.423,-7.3528,83.37,72,91,8.81,light rain,2021-06-06 14:34:12
517,Siocon,PH,7.7061,122.1353,78.96,76,98,2.59,overcast clouds,2021-06-06 14:34:12
518,Paita,PE,-5.0892,-81.1144,72.16,74,100,9.04,overcast clouds,2021-06-06 14:34:12
519,Sysert,RU,56.4953,60.8192,78.78,40,45,7.16,scattered clouds,2021-06-06 14:34:13
520,Etchojoa,MX,26.9167,-109.6333,79.29,42,4,10.69,clear sky,2021-06-06 14:34:13
521,Judaberg,NO,59.1659,5.8732,67.14,84,94,5.91,overcast clouds,2021-06-06 14:34:13
522,Campeche,MX,19.0,-90.5,89.28,49,35,6.55,scattered clouds,2021-06-06 14:32:58
523,Turrialba,CR,9.9047,-83.6835,82.9,68,50,4.12,scattered clouds,2021-06-06 14:30:22
524,Bonoua,CI,5.2741,-3.595,83.82,66,76,8.48,light rain,2021-06-06 14:34:14
525,Nouadhibou,MR,20.931,-17.0347,67.44,78,42,26.73,scattered clouds,2021-06-06 14:34:14
526,Kaitong,CN,44.8135,123.15,64.02,50,17,4.34,few clouds,2021-06-06 14:34:15
527,Yanaul,RU,56.2719,54.9309,68.99,55,0,3.0,clear sky,2021-06-06 14:34:15
528,Neyshabur,IR,36.2133,58.7958,94.51,13,2,6.55,clear sky,2021-06-06 14:33:49
529,Datong,CN,40.0936,113.2914,70.81,37,100,6.06,overcast clouds,2021-06-06 14:34:15
530,Palmer,US,42.1584,-72.3287,88.14,47,20,4.0,few clouds,2021-06-06 14:30:35
531,Yumen,CN,40.2833,97.2,69.01,25,0,10.49,clear sky,2021-06-06 14:34:16
532,Antigonish,CA,45.6169,-61.9986,68.13,79,84,4.0,broken clouds,2021-06-06 14:34:16
533,Hengshui,CN,37.7322,115.7011,81.68,27,92,15.82,overcast clouds,2021-06-06 14:34:16
534,Pimenta Bueno,BR,-11.6725,-61.1936,88.21,47,100,1.57,overcast clouds,2021-06-06 14:34:17
535,Pionerskiy,RU,54.9508,20.2275,69.64,66,100,7.78,overcast clouds,2021-06-06 14:34:17
536,Kualakapuas,ID,-3.0091,114.3876,80.76,96,100,3.27,overcast clouds,2021-06-06 14:34:17
537,Bonfim,BR,3.0833,-59.95,85.37,64,19,5.55,few clouds,2021-06-06 14:34:17
538,Bosaso,SO,11.2842,49.1816,91.38,75,0,10.36,clear sky,2021-06-06 14:32:12
539,Paris,FR,48.8534,2.3488,73.18,52,40,6.58,scattered clouds,2021-06-06 14:30:40
540,Coihaique,CL,-45.5752,-72.0662,41.61,81,90,8.05,overcast clouds,2021-06-06 14:33:44
541,Tazmalt,DZ,36.3868,4.3989,78.66,55,39,9.93,scattered clouds,2021-06-06 14:34:18
542,Vardo,NO,70.3705,31.1107,46.6,65,40,13.8,scattered clouds,2021-06-06 14:34:19
543,Pokosnoye,RU,55.5258,101.0536,46.31,82,37,7.56,scattered clouds,2021-06-06 14:34:19
544,Pershotravneve,UA,51.3929,28.8684,67.86,61,83,7.47,broken clouds,2021-06-06 14:34:19
545,Concarneau,FR,47.875,-3.9225,69.06,78,100,4.43,overcast clouds,2021-06-06 14:34:19
546,Taft,IR,31.7471,54.2088,102.15,6,20,6.04,few clouds,2021-06-06 14:34:20
547,Breves,BR,-1.6822,-50.4803,89.35,54,37,3.56,scattered clouds,2021-06-06 14:31:03
548,Whitehorse,CA,60.7161,-135.0538,45.37,93,75,3.0,broken clouds,2021-06-06 14:30:14
549,Rio Grande,BR,-32.035,-52.0986,57.31,66,100,10.22,overcast clouds,2021-06-06 14:34:20
550,Little Current,CA,45.9793,-81.9248,69.89,88,83,8.23,broken clouds,2021-06-06 14:30:15
551,Ortakoy,TR,38.7373,34.0387,71.85,32,5,8.81,clear sky,2021-06-06 14:34:21
552,Torres,BR,-29.3353,-49.7269,63.14,94,100,9.86,moderate rain,2021-06-06 14:34:21
553,Maceio,BR,-9.6658,-35.7353,83.64,65,40,8.43,scattered clouds,2021-06-06 14:33:20
554,Alice Springs,AU,-23.7,133.8833,44.15,61,0,7.0,clear sky,2021-06-06 14:34:22
555,Vostok,RU,46.4856,135.8833,45.72,93,97,4.25,overcast clouds,2021-06-06 14:34:22
556,Nemuro,JP,43.3236,145.575,52.56,87,100,9.82,overcast clouds,2021-06-06 14:34:22
557,Bubaque,GW,11.2833,-15.8333,79.95,82,7,10.13,clear sky,2021-06-06 14:34:23
558,Springdale,US,36.1867,-94.1288,73.31,91,20,4.0,light rain,2021-06-06 14:32:06
559,Metro,ID,-5.1131,105.3067,75.4,91,68,5.86,broken clouds,2021-06-06 14:34:23
560,La Macarena,CO,2.1837,-73.7849,79.39,87,57,1.59,broken clouds,2021-06-06 14:34:23
561,Taywarah,AF,33.35,64.4167,71.89,11,0,8.97,clear sky,2021-06-06 14:34:24
562,Tongliao,CN,43.6125,122.2653,63.57,53,2,7.87,clear sky,2021-06-06 14:33:05
563,Thunder Bay,CA,48.4001,-89.3168,73.99,94,75,4.61,broken clouds,2021-06-06 14:29:39
564,Ovalle,CL,-30.5983,-71.2003,63.57,62,59,2.21,broken clouds,2021-06-06 14:34:09
565,Pokhara,NP,28.2333,83.9833,77.13,60,87,3.27,overcast clouds,2021-06-06 14:34:24
566,Los Llanos De Aridane,ES,28.6585,-17.9182,67.75,75,75,9.1,broken clouds,2021-06-06 14:34:25
567,Ulaangom,MN,49.9811,92.0667,55.38,42,95,10.22,overcast clouds,2021-06-06 14:34:25
568,Kupang,ID,-10.1667,123.5833,77.25,75,89,11.83,overcast clouds,2021-06-06 14:34:25
569,Bose,IT,45.4612,8.0137,80.08,48,9,5.17,clear sky,2021-06-06 14:34:25
570,Sovetskiy,RU,61.3614,63.5842,67.33,33,84,10.6,broken clouds,2021-06-06 14:34:26
571,Newtownards,GB,54.5924,-5.6909,61.54,80,75,1.99,broken clouds,2021-06-06 14:34:26
572,Mayna,RU,54.1135,47.6231,63.7,83,99,4.63,overcast clouds,2021-06-06 14:34:26
573,Pando,UY,-34.7167,-55.95,58.17,87,20,8.41,few clouds,2021-06-06 14:34:27
574,Sandwick,GB,60.0,-1.25,55.22,76,40,11.32,scattered clouds,2021-06-06 14:34:27
575,Ruteng,ID,-8.6136,120.4721,63.54,94,89,0.78,overcast clouds,2021-06-06 14:34:27
576,Kawardha,IN,22.0167,81.25,91.17,43,6,7.7,clear sky,2021-06-06 14:34:28
577,Uttarkashi,IN,30.7333,78.45,68.27,78,99,6.62,overcast clouds,2021-06-06 14:34:28
578,Chifeng,CN,42.2683,118.9636,69.04,36,93,10.85,overcast clouds,2021-06-06 14:34:28
579,Rio Gallegos,AR,-51.6226,-69.2181,39.25,70,75,12.66,broken clouds,2021-06-06 14:33:24
580,Grande Prairie,CA,55.1667,-118.8027,50.18,50,75,18.41,broken clouds,2021-06-06 14:34:29
581,Tilichiki,RU,60.4667,166.1,36.72,88,100,7.34,overcast clouds,2021-06-06 14:34:29
582,Kandrian,PG,-6.2167,149.55,77.02,91,99,6.33,light rain,2021-06-06 14:34:29
583,Nianzishan,CN,47.5167,122.8833,59.92,51,0,2.1,clear sky,2021-06-06 14:34:30
584,Fereydun Kenar,IR,36.6864,52.5225,80.91,66,14,5.77,few clouds,2021-06-06 14:34:30
585,Siavonga,ZM,-16.5382,28.7088,73.87,34,95,1.99,overcast clouds,2021-06-06 14:34:30
586,Da Nang,VN,16.0678,108.2208,86.05,78,20,3.44,few clouds,2021-06-06 14:32:54
587,Whitefish,US,48.4111,-114.3376,51.89,56,75,7.09,broken clouds,2021-06-06 14:34:31
588,Northam,GB,51.0333,-4.2167,68.92,84,70,6.02,broken clouds,2021-06-06 14:34:31
589,Gisborne,NZ,-38.6533,178.0042,57.74,81,100,8.7,heavy intensity rain,2021-06-06 14:29:52
590,Naryan-Mar,RU,67.6713,53.087,39.97,63,100,14.12,overcast clouds,2021-06-06 14:34:32
591,Mogapinyana,BW,-22.3667,27.6,64.11,43,5,13.82,clear sky,2021-06-06 14:34:32
592,Santarem,BR,-2.4431,-54.7083,84.33,84,40,10.36,scattered clouds,2021-06-06 14:34:32
593,Ca Mau,VN,9.1769,105.15,82.24,81,100,5.41,overcast clouds,2021-06-06 14:34:33
594,Hindaun,IN,26.7167,77.0167,95.49,30,69,6.24,broken clouds,2021-06-06 14:34:33
595,Chimore,BO,-16.9833,-65.1333,70.52,98,100,1.66,overcast clouds,2021-06-06 14:34:33
596,Senno,RU,59.5336,33.9167,78.87,31,14,3.11,few clouds,2021-06-06 14:34:33
597,Marienburg,PL,54.0359,19.0266,71.26,63,100,7.4,overcast clouds,2021-06-06 14:34:34
598,Burnie,AU,-41.0667,145.9167,56.03,89,100,16.49,light rain,2021-06-06 14:34:34
599,Gornopravdinsk,RU,60.05,69.9,59.22,83,91,5.48,light rain,2021-06-06 14:34:34
600,Freeport,US,40.6576,-73.5832,91.49,56,1,1.01,clear sky,2021-06-06 14:32:35
601,Jamui,IN,24.9167,86.2167,98.01,33,47,10.78,scattered clouds,2021-06-06 14:34:35
602,Rzhev,RU,56.2624,34.3282,64.67,75,95,3.87,overcast clouds,2021-06-06 14:34:35
603,San Luis,AR,-33.295,-66.3356,59.5,39,100,14.52,overcast clouds,2021-06-06 14:31:26
604,Jian,CN,27.1172,114.9793,72.91,70,99,2.86,overcast clouds,2021-06-06 14:34:36
605,Clyde River,CA,70.4692,-68.5914,34.03,100,90,12.66,overcast clouds,2021-06-06 14:34:36
606,Bad Kreuznach,DE,49.8333,7.8667,73.53,74,99,8.75,overcast clouds,2021-06-06 14:34:36
607,New Bern,US,35.1085,-77.0441,83.03,83,75,3.44,broken clouds,2021-06-06 14:30:54
608,Vanavara,RU,60.34,102.2797,38.61,61,1,5.59,clear sky,2021-06-06 14:34:37
609,Luchegorsk,RU,46.4764,134.2569,51.48,88,6,3.4,clear sky,2021-06-06 14:34:37
610,Seoul,KR,37.5683,126.9778,69.4,86,20,3.65,few clouds,2021-06-06 14:30:12
611,Ocnita,RO,44.9833,25.55,76.8,65,57,2.46,broken clouds,2021-06-06 14:34:37
612,Ponte De Sor,PT,39.2496,-8.0101,88.72,23,0,9.6,clear sky,2021-06-06 14:34:38
613,Riberalta,BO,-10.9833,-66.1,82.6,78,38,2.04,scattered clouds,2021-06-06 14:32:23
614,Yamada,JP,39.4667,141.95,62.19,80,100,6.87,overcast clouds,2021-06-06 14:34:38
615,Challans,FR,46.8436,-1.8749,74.32,58,100,11.27,overcast clouds,2021-06-06 14:34:38
616,Matagami,CA,49.7502,-77.6328,62.71,67,1,5.97,clear sky,2021-06-06 14:32:33
617,Prince George,CA,53.9166,-122.753,43.25,84,90,9.22,overcast clouds,2021-06-06 14:31:22
618,Huilong,CN,31.8111,121.655,76.03,66,0,13.51,light rain,2021-06-06 14:34:39
619,Cape Canaveral,US,28.4058,-80.6048,87.87,78,1,9.22,clear sky,2021-06-06 14:34:39
620,Marawi,PH,7.9986,124.2928,65.64,96,100,3.22,overcast clouds,2021-06-06 14:34:39
621,Muros,ES,42.7762,-9.0603,80.17,51,95,13.8,overcast clouds,2021-06-06 14:34:40
622,Ystad,SE,55.4297,13.8204,77.36,60,4,4.63,clear sky,2021-06-06 14:34:40
623,San Jose,US,37.3394,-121.895,61.02,79,20,16.11,few clouds,2021-06-06 14:31:17
624,Hastings,GB,50.8552,0.5729,71.33,80,60,11.03,broken clouds,2021-06-06 14:34:40
625,Westport,US,41.1415,-73.3579,91.06,65,1,1.01,clear sky,2021-06-06 14:30:59
626,Oeiras,BR,-7.0253,-42.1311,93.87,31,2,9.66,clear sky,2021-06-06 14:34:41
627,Hailey,US,43.5196,-114.3153,53.91,46,1,8.05,clear sky,2021-06-06 14:34:41
628,Agaro,ET,7.85,36.65,69.48,85,98,3.8,light rain,2021-06-06 14:34:41
629,Moose Factory,CA,51.2585,-80.6094,60.78,59,1,6.91,clear sky,2021-06-06 14:34:42
630,Nuuk,GL,64.1835,-51.7216,45.21,81,75,8.05,broken clouds,2021-06-06 14:34:42
631,Onguday,RU,50.75,86.15,47.19,83,5,1.01,clear sky,2021-06-06 14:34:42
632,Tayu,ID,-6.5397,111.0518,79.72,77,76,3.76,broken clouds,2021-06-06 14:34:43
633,Hobyo,SO,5.3505,48.5268,80.49,78,45,26.51,scattered clouds,2021-06-06 14:34:43
634,Havre-Saint-Pierre,CA,50.2334,-63.5986,57.56,51,1,3.44,clear sky,2021-06-06 14:34:43
635,Brownsville,US,25.9018,-97.4975,84.9,81,1,8.01,clear sky,2021-06-06 14:34:44
636,Cantanhede,BR,-3.6333,-44.3767,89.67,44,4,4.21,clear sky,2021-06-06 14:34:44
637,Aldergrove,CA,49.058,-122.4709,51.8,83,75,1.01,broken clouds,2021-06-06 14:30:15
638,Council Bluffs,US,41.2619,-95.8608,78.48,73,40,11.5,scattered clouds,2021-06-06 14:34:44
639,La Libertad,EC,-2.2333,-80.9,71.26,88,75,8.84,broken clouds,2021-06-06 14:34:45
640,Nishihara,JP,26.1842,127.7558,78.85,91,90,1.68,moderate rain,2021-06-06 14:34:45
641,Waterloo,CA,43.4668,-80.5164,82.65,54,1,14.16,clear sky,2021-06-06 14:31:20
642,Algiers,DZ,36.7525,3.042,75.02,65,40,8.14,scattered clouds,2021-06-06 14:30:29
643,North Bay,CA,46.3168,-79.4663,76.98,69,20,13.8,few clouds,2021-06-06 14:33:11
644,Wajima,JP,37.4,136.9,64.49,86,100,6.29,overcast clouds,2021-06-06 14:34:46
645,Rudbar,AF,30.15,62.6,103.64,5,0,5.64,clear sky,2021-06-06 14:34:46
646,Saint-Leu,RE,-21.15,55.2833,74.26,81,46,12.91,scattered clouds,2021-06-06 14:34:46
647,Lata,PT,40.1629,-8.3327,83.05,49,0,10.65,clear sky,2021-06-06 14:34:46
648,Biak,ID,-0.9131,122.8766,76.42,75,91,5.19,overcast clouds,2021-06-06 14:34:47
649,Ketchikan,US,55.3422,-131.6461,48.67,93,90,0.0,overcast clouds,2021-06-06 14:34:47
650,Urumqi,CN,43.801,87.6005,67.15,32,0,5.77,clear sky,2021-06-06 14:32:09
651,Cerknica,SI,45.7931,14.3625,73.38,69,43,2.37,scattered clouds,2021-06-06 14:34:48
652,Acapulco,MX,16.8634,-99.8901,84.02,70,40,3.18,scattered clouds,2021-06-06 14:30:30
653,Nurobod,UZ,40.9056,69.8023,94.05,22,95,5.61,overcast clouds,2021-06-06 14:34:48
654,Taber,CA,49.8167,-112.1518,56.28,74,98,13.8,overcast clouds,2021-06-06 14:30:15
655,Gombong,ID,-7.6072,109.5142,76.1,90,63,1.88,broken clouds,2021-06-06 14:34:48
656,Tamiahua,MX,21.2667,-97.45,85.12,72,100,8.43,overcast clouds,2021-06-06 14:34:49
657,Mhango,TZ,-3.2833,32.85,76.33,49,97,4.61,overcast clouds,2021-06-06 14:34:49
658,Mitsamiouli,KM,-11.3847,43.2844,79.38,72,73,20.51,broken clouds,2021-06-06 14:34:49
659,La Orilla,MX,17.9833,-102.2333,86.88,55,68,2.28,broken clouds,2021-06-06 14:34:50
660,Chapais,CA,49.7834,-74.8492,60.58,45,56,5.77,broken clouds,2021-06-06 14:32:44
661,Jining,CN,35.405,116.5814,86.61,33,25,14.47,scattered clouds,2021-06-06 14:34:50
662,Estrela,BR,-28.0611,-50.9383,59.2,95,100,2.21,moderate rain,2021-06-06 14:34:50
663,Tuy Hoa,VN,13.0833,109.3,80.22,84,98,5.14,overcast clouds,2021-06-06 14:33:54
664,Inhambane,MZ,-23.865,35.3833,75.18,50,40,6.91,scattered clouds,2021-06-06 14:34:51
665,Moussoro,TD,13.6408,16.4901,103.98,16,100,4.25,overcast clouds,2021-06-06 14:34:51
666,Santa Elena,EC,-2.2333,-80.85,71.15,88,75,8.39,broken clouds,2021-06-06 14:34:51
667,Harrison,US,30.4091,-89.0436,82.47,89,75,14.97,broken clouds,2021-06-06 14:34:52
668,Palimbang,PH,6.2106,124.1894,80.28,74,100,5.23,overcast clouds,2021-06-06 14:34:52
669,Along,IN,28.1667,94.7667,72.32,99,96,0.18,overcast clouds,2021-06-06 14:34:52
670,Konstantinovka,RU,49.6167,127.9833,54.25,74,8,4.79,clear sky,2021-06-06 14:34:53
671,Mauriti,BR,-7.3892,-38.7744,84.51,38,46,9.15,scattered clouds,2021-06-06 14:34:53
672,Tobolsk,RU,58.2,68.2667,71.35,45,21,7.85,few clouds,2021-06-06 14:34:53
673,Tual,ID,-5.6667,132.75,81.34,79,95,15.3,overcast clouds,2021-06-06 14:34:53
674,Maldonado,UY,-34.6667,-54.9167,54.79,66,3,8.01,clear sky,2021-06-06 14:34:54
675,Belmonte,BR,-15.8631,-38.8828,82.4,72,45,8.88,scattered clouds,2021-06-06 14:34:54
676,Vila Franca Do Campo,PT,37.7167,-25.4333,68.41,73,99,5.1,overcast clouds,2021-06-06 14:34:54
677,Vigia Del Fuerte,CO,6.5789,-76.8863,84.67,74,97,1.01,overcast clouds,2021-06-06 14:34:55
678,Ekhabi,RU,53.5102,142.9671,34.86,98,100,14.29,overcast clouds,2021-06-06 14:34:55
679,Fernie,CA,49.5,-115.0687,49.6,59,11,5.3,few clouds,2021-06-06 14:34:55
680,Araouane,ML,18.9048,-3.5265,112.44,8,4,12.12,clear sky,2021-06-06 14:34:56
681,Ust-Ilimsk,RU,58.0006,102.6619,44.94,46,16,4.7,few clouds,2021-06-06 14:34:56
682,Sinegorye,RU,62.0788,150.477,43.47,79,52,7.14,broken clouds,2021-06-06 14:34:56
683,Camacha,PT,33.0833,-16.3333,68.76,64,40,18.41,scattered clouds,2021-06-06 14:34:57
684,Mackay,AU,-21.15,149.2,60.67,88,100,6.91,overcast clouds,2021-06-06 14:31:39
685,Udayagiri,IN,20.1333,84.3833,77.61,70,71,3.42,broken clouds,2021-06-06 14:34:57
686,Coquimbo,CL,-29.9533,-71.3436,55.13,87,90,2.39,overcast clouds,2021-06-06 14:34:57
687,Dianalund,DK,55.5313,11.4925,76.89,69,89,1.07,overcast clouds,2021-06-06 14:34:58
688,Talakan,RU,50.3167,130.3667,52.09,89,11,2.01,few clouds,2021-06-06 14:34:58
689,Shellbrook,CA,53.2168,-106.4011,54.63,66,59,12.35,heavy intensity rain,2021-06-06 14:34:58
690,Callaway,US,30.153,-85.5699,81.91,77,75,5.01,broken clouds,2021-06-06 14:34:59
691,Nazilli,TR,37.9163,28.3223,88.9,17,0,5.99,clear sky,2021-06-06 14:31:17
692,Daokou,CN,35.5639,114.5058,89.89,39,100,18.03,overcast clouds,2021-06-06 14:34:59
693,Ipixuna,BR,-1.7625,-48.8043,85.95,48,37,1.45,scattered clouds,2021-06-06 14:34:59
694,Matamoros,MX,25.5333,-103.25,78.91,25,1,5.35,clear sky,2021-06-06 14:33:08
695,Russell,US,32.3502,-85.1999,79.88,88,75,3.27,broken clouds,2021-06-06 14:35:00
696,Ridgecrest,US,35.6225,-117.6709,78.03,24,1,0.0,clear sky,2021-06-06 14:35:00
697,Kyaikkami,MM,16.08,97.5675,82.62,79,100,10.71,overcast clouds,2021-06-06 14:35:00
698,Ongandjera,NA,-17.8833,15.0667,76.87,20,5,9.95,clear sky,2021-06-06 14:35:01
699,Gorontalo,ID,0.5412,123.0595,75.87,92,96,2.55,overcast clouds,2021-06-06 14:35:01
700,Jhawarian,PK,32.3614,72.6228,101.66,21,2,3.33,clear sky,2021-06-06 14:35:01
701,Palasa,IN,18.7667,84.4167,85.59,78,45,9.1,scattered clouds,2021-06-06 14:35:02
702,Canoas,BR,-29.9178,-51.1836,64.56,91,90,8.05,overcast clouds,2021-06-06 14:35:02
703,Tigzirt,DZ,36.8886,4.1198,71.24,75,37,7.02,scattered clouds,2021-06-06 14:35:03
704,High Level,CA,58.5169,-117.136,51.91,87,75,9.04,light rain,2021-06-06 14:34:56
705,Mazyr,BY,52.0495,29.2456,68.13,65,82,4.65,broken clouds,2021-06-06 14:35:03
706,Dicabisagan,PH,17.0818,122.4157,81.32,86,100,5.41,overcast clouds,2021-06-06 14:35:04
707,Marsa Matruh,EG,31.3525,27.2453,77.2,57,0,13.8,clear sky,2021-06-06 14:35:04
708,Leeton,AU,-34.5667,146.4,42.71,93,100,5.5,overcast clouds,2021-06-06 14:35:05
709,Kanigiri,IN,15.4,79.5167,91.6,48,28,8.46,scattered clouds,2021-06-06 14:35:05
710,Hare Bay,CA,48.8499,-54.0148,60.4,75,100,14.14,overcast clouds,2021-06-06 14:35:05
